name,email,phone_number,address,hobbies
Dolly Pendlington,dpendlington0@yelp.com,8414879897,"National American University, Denver",Jury Trials
Theresa Estabrook,testabrook1@wix.com,9761107043,Open University,MLA Style
Nikola Brooke,nbrooke2@aboutads.info,8686674101,University of Wollongong - Dubai Campus,RMIS
Prentice Fowles,pfowles3@wikia.com,1145045771,Elisabeth University of Music,NDC
Garv Boulger,gboulger4@geocities.com,8358188710,Voronezh State Agricultural University,IPS
Waldemar Goskar,wgoskar5@ning.com,8868205682,Franklin W. Olin College of Engineering,Entertainment
Allegra Da Costa,ada6@linkedin.com,4119493523,Suranaree University of Technology,XPlanner
Jessie Hrinchenko,jhrinchenko7@ucoz.ru,4921867313,Sultan Ismail Petra International Islamic College,Customs Regulations
Papagena Fellini,pfellini8@sfgate.com,3065654490,Centro Universitário Barao de Maua,Hyperion EPM
Emory Pittford,epittford9@wordpress.com,1285784744,"Fachhochschule Ludwigshafen, Hochschule für Wirtschaft",Microsoft Technologies
